id,Timestamp,State,Location,Latitude,Longitude,EpochTime,ProtestSize,Food,Home,Wages,Ration,Facilities,Other,Brutalities,Govt,Gmap_link,Date,Cause,Brief_details,Num_people,News_link,Media_link,Applicant
0,05/09/20 19:12,Tamil Nadu,"Velachery, Chennai",12.9815179,80.2179755,1588357800,300,0,1,0,0,0,0,0,0,https://goo.gl/maps/EJAyvF7f22XkucHX8,02/05/20,Related to demand to be sent home,Migrant workers in a relief camp protested for the government to make arrangements for them to return to their home states.,300,https://timesofindia.indiatimes.com/city/chennai/migrant-workers-stage-flash-protest-defying-curbs-in-chennai/articleshow/75512038.cms,https://www.youtube.com/watch?v=POPzHfWgWTk,"Vijay Ram S, 9597928778"
1,05/09/20 19:26,Karnataka ,"Tumkur road (bengaluru city outskirts), tumkur dist",13.1713431,77.3071034,1586025000,1000,0,1,0,0,0,0,0,0,https://maps.app.goo.gl/4bXCJiREgdZhDbz86,05/04/20,Related to demand to be sent home,Migrant workers from Bihar and UP came onto roads,1000s,https://www.ndtv.com/karnataka-news/coronavirus-india-lockdown-migrants-protest-in-karnataka-they-told-us-they-would-take-us-home-2223604,https://www.ndtv.com/karnataka-news/coronavirus-india-lockdown-migrants-protest-in-karnataka-they-told-us-they-would-take-us-home-2223604?amp=1&akamai-rum=off,"Vyshnavy, 9319130169"
2,05/09/20 19:27,Tamil Nadu,"Koyambedu, Chennai",13.0693568,80.1948314,1588530600,1000,0,1,0,0,0,0,0,0,https://goo.gl/maps/bp3Ki3RrMEgq6Fjj6,04/05/20,Related to demand to be sent home,Police prevented the workers from walking to Chennai Central railway station and promised to make arrangements for their return home.,Around 1000,https://www.thehindu.com/news/cities/chennai/migrant-workers-protest-in-koyambedu-and-other-parts-of-chennai/article31501500.ece,,"Vijay Ram S, 9597928778"
3,05/09/20 19:32,Tamil Nadu,"Alapakkam, Chennai",13.0490314,80.1672782,1588530600,1000,0,1,0,0,0,0,0,0,https://goo.gl/maps/WCxFvi9eBH9WMWc19,04/05/20,Related to demand to be sent home,"Construction contractor promised to arrange return to home state and collected Aadhar cards for the same, but later asked the workers to continue working, since lockdown has been lifted for construction activity and has refused to send them home.",1000,https://www.thehindu.com/news/cities/chennai/migrant-workers-protest-in-koyambedu-and-other-parts-of-chennai/article31501500.ece,,"Vijay Ram S, 9597928778"
4,05/09/20 19:43,Andhra Pradesh ,"Satish Dhawan Space centre (ISRO), Sriharikota",13.7258653,80.2265545,1591295400,2000,1,1,0,0,1,0,0,0,"Satish Dhawan Space Centre Circle Sriharikota, Andhra Pradesh 524124 086232 25033 https://maps.app.goo.gl/TukL3SXoTzN74XHV7",05/06/20,"Related to demand to be sent home, Related to Food, Related to facilities at relief/quarantine shelters",Set out on roads,Over 2000,https://newsmeter.in/migrant-workers-involved-in-building-space-station-operated-by-isro-protest-over-lack-of-food,https://newsmeter.in/migrant-workers-involved-in-building-space-station-operated-by-isro-protest-over-lack-of-food,"Vyshnavy, 9319130169"
5,05/09/20 19:45,Tamil Nadu,"Kudamkulam, Tirunelveli",8.1797719,77.7051443,1588530600,1500,0,1,0,0,0,0,0,0,https://goo.gl/maps/A8Wg2uJx3Zt5XhLN7,04/05/20,Related to demand to be sent home,Migrant workers demanded to be sent back home because of abyssmal living conditions. They also submitted a petion at the Collectorate in Tirunelveli.,1500,https://www.thehindu.com/news/cities/Madurai/north-indian-contract-labourers-stage-sit-in-on-kknpp-campus/article31501960.ece,https://twitter.com/i/status/1257196263457665026; ,"Vijay Ram S, 9597928778"
6,05/09/20 19:58,Chhatisgarh,Devendra Nagar ,21.2581472,81.6467162,1587666600,0,0,0,0,0,0,1,0,0,"https://www.google.com/maps/place/Devendra+Nagar,+Raipur,+Chhattisgarh/@21.2555878,81.6380648,15z/data=!3m1!4b1!4m5!3m4!1s0x3a28dd8322c0cbe7:0xfe41f7a27155afc0!8m2!3d21.2581472!4d81.6467162",4/24/2020,The councillor of the area protested against the police being harsh on the people and their misconduct towards women in a time when people don't even have food to eat at home.  ,a sit in protest by the councillor (Congress) of the area,,https://www.bhaskar.com/local/chhattisgarh/raipur/news/lockdown-in-raipur-latest-news-update-parshad-dharna-protest-over-ration-127233991.html,,"Simran, 7838000050"
7,05/09/20 20:06,Chhattisgarh,"NDMC Steel Plant, Nagarnar, Jagdalpur",19.0932543,82.1704264,1586025000,0,0,0,0,0,0,1,0,0,"https://www.google.com/maps/place/NMDC+Iron+And+Steel+Plant/@19.0932543,82.1704264,15z/data=!4m5!3m4!1s0x0:0x2598fa94c1faed20!8m2!3d19.0932543!4d82.1704264",05/04/20,Labour Protest against Lockdown 3.0,protest gathering outside the NDMC Steel Plant,,,https://twitter.com/mohdsuheltyagi1/status/1257214799747964928?s=20,"Simran, 7838000050"
8,05/09/20 20:24,Bihar,"Bhagalpur, Vaishali",24.9506738,87.1198415,1599244200,0,1,0,0,0,0,0,0,0,Bhagwanpur Bihar 844114 https://maps.app.goo.gl/ikmoUdha9TCpLXF27,05/09/20,Related to Food,Expressed their displeasure through banging plates,,https://www.amarujala.com/bihar/coronavirus-in-bihar-people-in-quarantine-at-the-quarantine-centre-in-bhagwanpur-town-of-vaishali-dist-created-ruckus,https://twitter.com/ANI/status/1258925400689741826?s=19 Photo,Adarsh|7004054378
9,05/09/20 20:31,Karnataka ,"Bomanhalli area (construction site), benguluru ",12.903078,77.6249927,1583346600,1000,0,1,1,0,0,0,0,0,"Bommanahalli Bengaluru, Karnataka https://maps.app.goo.gl/oYTqAwrKZbKtgRor9",05/03/20,"Related to wages, Related to demand to be sent home",Stage protest outside police station. Police lati charged to disperse them,1000,https://thefederal.com/states/south/karnataka/bengaluru-migrant-workers-resort-to-vandalism-over-dues-lathi-charged/,https://twitter.com/MirrorNow/status/1258018471188676608?s=20,"Vyshnavy, 9319130169"
10,05/09/20 20:36,Bihar,"Banka, Bihar",24.8874179,86.919838,1596565800,88,1,0,0,0,0,0,1,0,Banka Bihar 813102 https://maps.app.goo.gl/AFWku4Doz3nfb1Jw8,05/08/20,"Related to Food, Against Police Brutalities",Shouted slogans against government,88,"Lathicharge of Police on migrants Labours who were Protested Against poor food In Quarantine Center of Banka and also Hand Broken of One Labour and many injured - बांका के क्वॉरेंटाइन सेंटर में प्रवासियों ने घटिया खाना का विरोध किया तो पुलिस ने बरसाईं लाठियां, कई चोटिल - https://www.livehindustan.com/bihar/bhagalpur/story-lathicharge-of-police-on-migrants-labours-who-were-protested-against-poor-food-in-quarantine-center-of-banka-and-also-hand-broken-of-one-labour-and-many-injured-3201325.html  https://www.newsclick.in/Bihar-Migrant-Workers-Arms-Over-Poor-Facilities-Quarantine-Centres",https://www.facebook.com/MirrorNow/videos/1357762084423549/,Adarsh|7004054378
11,05/09/20 20:50,Bihar,East Champaran,26.6098139,84.8567932,1586889000,100,1,0,0,1,0,0,0,0,Purvi Champaran Bihar https://maps.app.goo.gl/d1fx3sCdtUzyzMDDA,4/15/2020,"Related to Food, Dispute regarding ration mal-distribution",Attacked cops and video,100,"Coronavirus: Without jobs and money, angry villagers in Bihar attack cops and BDO | Deccan Herald  https://www.deccanherald.com/national/north-and-central/coronavirus-without-jobs-and-money-angry-villagers-in-bihar-attack-cops-and-bdo-825876.html",,https://m.timesofindia.com/videos/city/patna/covid-19-cops-attacked-during-awareness-drive-in-bihars-champaran/videoshow/75164044.cms
12,05/09/20 21:02,Gujrat,"At Mora village near induatrial town of Hazira, Surat, Surat dist",21.1668325,72.6801576,1580841000,500,0,1,0,0,0,0,0,0,"Mora Rd Amalsad, Gujarat 396310 https://maps.app.goo.gl/riCAGqDJK9YFbUKM7",05/02/20,Related to demand to be sent home,Protesters (over 500) hurled stones at police trying to enforce lockdown rules. Police used tear gas to disperse the crowd. Nearly 60 migrant workers were arrested (on unlawful assembly and rioting),500,https://www.wionews.com/india-news/migrant-workers-protest-against-lockdown-in-gujarat-60-arrested-297657,https://twitter.com/iScrew/status/1257224400233017344?s=20,"Vyshnavy, 9319130169"
13,05/09/20 21:18,Gujrat ,"Kadodara area, surat",21.1717035,72.962671,1586025000,500,0,1,0,0,0,0,0,0,Surat - Kadodara Rd Gujarat https://maps.app.goo.gl/92KYCjhLe8p8sv478,05/04/20,Related to demand to be sent home,"The migrant workers clashed with police, who used tear gas shells to disperse them.",500,https://www.thehindu.com/news/national/other-states/migrant-workers-clash-with-police-in-surat/article31499789.ece/amp/,https://twitter.com/LangaMahesh/status/1257221283470643201?s=08  https://t.co/cvD9iNoxTd,"Vyshnavy, 9319130169"
14,05/09/20 21:18,Bihar,"Patna,Bihar",25.5940947,85.1375645,1588012200,0,0,1,0,0,0,0,0,0,Patna Bihar https://maps.app.goo.gl/4WLoWkdz6PwoW1Me8,4/28/2020,Related to demand to be sent home,To bring students from kota,,https://aajtak.intoday.in/video/coronavirus-lockdown-patna-students-protest-demands-bring-back-kota-stranded-students-1-1185333.html,,Adarsh/7004054378
15,05/09/20 21:31,Bihar ,"Begusarai,Bihar",25.4181638,86.1271542,1587580200,100,0,0,0,1,0,0,0,0,NH-28 Bihar 851111 https://maps.app.goo.gl/537kxoTXWPZ44Zwe6,4/23/2020,Dispute regarding ration mal-distribution,Road blockade,100,https://www.kashishnews.com/news/9862/%E0%A4%A1%E0%A5%80%E0%A4%B2%E0%A4%B0-%E0%A4%95%E0%A5%80-%E0%A4%AE%E0%A4%A8%E0%A4%AE%E0%A4%BE%E0%A4%A8%E0%A5%80-%E0%A4%95%E0%A5%87-%E0%A4%96%E0%A4%BF%E0%A4%B2%E0%A4%BE%E0%A4%AB-%E0%A4%86%E0%A4%95%E0%A5%8D%E0%A4%B0%E0%A5%8B%E0%A4%B6--%E0%A4%85%E0%A4%A8%E0%A4%BE%E0%A4%9C-%E0%A4%95%E0%A5%87-%E0%A4%B8%E0%A4%BE%E0%A4%A5-%E0%A4%B8%E0%A5%88%E0%A4%95%E0%A4%A1%E0%A4%BC%E0%A5%8B%E0%A4%82-%E0%A4%B2%E0%A5%8B%E0%A4%97%E0%A5%8B%E0%A4%82-%E0%A4%A8%E0%A5%87-%E0%A4%8F%E0%A4%A8%E0%A4%8F%E0%A4%9A-28-%E0%A4%AA%E0%A4%B0-%E0%A4%95%E0%A4%BF%E0%A4%AF%E0%A4%BE-%E0%A4%9C%E0%A4%AE-%E0%A4%95%E0%A4%B0-%E0%A4%B9%E0%A4%82%E0%A4%97%E0%A4%BE%E0%A4%AE%E0%A4%BE,,Adarsh
16,05/09/20 21:53,Gujrat,"Vareli village, Surat",21.1780642,72.9505106,1588617000,1000,1,1,0,0,1,1,0,0,Vareli Gujarat https://maps.app.goo.gl/HXeAxyn48thfvqUT9,05/05/20,"Related to demand to be sent home, Related to Food, Related to facilities at relief/quarantine shelters, Against landlords demading rents",Clashes took place. Around 100 detained. ,1000,https://www.newindianexpress.com/nation/2020/may/04/watch--migrant-workers-clash-with-police-in-gujarats-surat-2139066.html,https://www.newindianexpress.com/nation/2020/may/04/watch--migrant-workers-clash-with-police-in-gujarats-surat-2139066.html,"Vyshnavy, 9319130169"
17,05/09/20 22:03,Gujrat,Surat city,21.1702401,72.8310607,1601749800,1000,1,1,1,0,0,0,0,0,Surat Gujarat https://maps.app.goo.gl/MC7GmEVgjTJwyJQz8,04/10/20,"Related to wages, Related to demand to be sent home, Related to Food",Gathered on street shouting and complaining. Around 70 detained ,1000,https://www.thehindu.com/news/national/lockdown-migrant-workers-come-out-on-road-demanding-salaries/article31313403.ece,https://www.thehindu.com/news/national/lockdown-migrant-workers-come-out-on-road-demanding-salaries/article31313403.ece,"Vyshnavy, 9319130169"
18,05/09/20 22:12,Gujrat,Surat,21.1702401,72.8310607,1586802600,500,1,1,1,0,0,0,0,0,Surat Gujarat https://maps.app.goo.gl/MC7GmEVgjTJwyJQz8,4/14/2020,"Related to wages, Related to demand to be sent home, Related to Food"," Stage protest complaining about lack of food facilities and returning home. Most of the workers are from Odisha, U.P., Bihar and Tamil Nadu. ",500,https://www.thehindu.com/news/national/other-states/migrant-workers-in-surat-take-to-the-streets-again/article31341846.ece,https://www.thehindu.com/news/national/other-states/migrant-workers-in-surat-take-to-the-streets-again/article31341846.ece,"Vyshnavy, 9319130169"
19,05/09/20 22:21,Gujrat,Surat,21.1702401,72.8310607,1585506600,500,0,1,0,0,0,0,0,0,Surat Gujarat https://maps.app.goo.gl/MC7GmEVgjTJwyJQz8,3/30/2020,Related to demand to be sent home,Gathered demanding transportation. Police vehicles damaged. Police fired 30 tear gas shells.  90 arrested.,500,https://www.thehindu.com/news/national/other-states/ninety-migrant-labourers-arrested-in-surat-after-clashes-with-police/article31206152.ece,https://www.thehindu.com/news/national/other-states/ninety-migrant-labourers-arrested-in-surat-after-clashes-with-police/article31206152.ece,"Vyshnavy , 9319140169"
20,05/09/20 22:34,Gujrat,Surat,21.1702401,72.8310607,1588012200,500,1,1,1,0,0,0,0,0,"Surat Diamond Bourse Plot No. 177/P, DREAM CITY Behind Surat International Exhibition and Convention Centre, Khajod, Surat, Gujarat 395007 0261 253 5400 https://maps.app.goo.gl/zXZHf4HTLcLaXJV18",4/28/2020,"Related to wages, Related to demand to be sent home, Related to Food",Crowd pelted stones on construction site.,500,https://www.thehindu.com/news/national/other-states/hundreds-of-migrant-workers-protest-in-surat-for-third-time-in-less-than-a-month/article31453039.ece,https://www.thehindu.com/news/national/other-states/hundreds-of-migrant-workers-protest-in-surat-for-third-time-in-less-than-a-month/article31453039.ece,"Vyshnavy, 9319130169"
21,05/09/20 22:46,Tamil Nadu,"Kudankulam, Tirunelveli",8.1797719,77.7051443,1588962600,800,0,1,1,0,0,0,0,0,https://goo.gl/maps/Hyw7izsAGRJzha7S6,09/05/20,"Related to wages, Related to demand to be sent home",The workers are contracted by L&T. Two police personnel were injured when the protestors resorted to stone pelting.,800,https://www.thehindu.com/news/national/tamil-nadu/migrant-workers-protest-resurfaces-on-kknpp-premises/article31541848.ece,,"Vijay Ram S, 9597928778"
22,05/09/20 22:53,Tamil Nadu,"Khadarpet, Tiruppur",11.1068276,77.3403391,1588444200,500,1,1,0,0,0,0,0,0,https://goo.gl/maps/C9gT9TGWdchFAGEu9,03/05/20,"Related to demand to be sent home, Related to Food",,500,https://www.thehindu.com/news/cities/Coimbatore/migrant-workers-in-tiruppur-protest-for-train-services/article31499251.ece,https://www.youtube.com/watch?v=Rud489CajE4,"Vijay Ram S, 9597928778"
23,05/09/20 22:53,Gujrat,"Dindholi, Surat ",21.1521374,72.8717458,1588012200,500,0,1,0,0,0,0,0,0,"Dindoli Surat, Gujarat https://maps.app.goo.gl/ReAt9gohsaYe7U94A",4/28/2020,Related to demand to be sent home,Stones pelted at police who tried to push the workers into their homes ,500,https://www.thehindu.com/news/national/other-states/hundreds-of-migrant-workers-protest-in-surat-for-third-time-in-less-than-a-month/article31453039.ece,https://www.thehindu.com/news/national/other-states/hundreds-of-migrant-workers-protest-in-surat-for-third-time-in-less-than-a-month/article31453039.ece,"Vyshnavy, 9319130169"
24,05/09/20 22:59,Tamil Nadu,"Sathuvachari, Vellore",12.9422134,79.1860302,1588530600,400,1,1,1,0,0,0,0,0,https://goo.gl/maps/kFt8Sx7M4bQs6vs76,04/05/20,"Related to wages, Related to demand to be sent home, Related to Food",The workers protested in fromt of the Collectorate,400,https://www.thehindu.com/news/national/tamil-nadu/coronavirus-migrants-in-vellore-protest-outside-collectorate/article31501502.ece,,"Vijay Ram S, 9597928778"
25,05/09/20 23:09,Tamil Nadu,"Ambur, Tirupattur",12.7801672,78.7177271,1588962600,105,0,0,0,0,0,1,0,0,https://goo.gl/maps/MgJa8fu5DoRKTLTG8,09/05/20,Seeking special pay and insurance coverage,Contract workers engaged in health and sanitary work protested for the special benefits given to permanent workers to extend to them as well.,105,https://www.thehindu.com/news/national/tamil-nadu/coronavirus-contract-workers-from-ambur-municipality-seek-special-pay-cover-insurance-coverage/article31545358.ece,,"Vijay Ram S, 9597928778"
26,05/09/20 23:13,Tamil Nadu,"Chengam Taluk, Tiruvannamalai",12.3102132,78.7929046,1588789800,400,0,0,0,0,0,1,0,0,https://goo.gl/maps/etZ6bozPSE3FGSa98,07/05/20,Against the opening of alcohol shops during the lockdown,,400,https://www.thehindu.com/news/national/tamil-nadu/protests-by-villagers-force-closure-of-a-few-liquor-shops-in-tiruvannamalai-others-see-brisk-business/article31529526.ece,,"Vijay Ram S, 9597928778"
27,05/09/20 23:21,Tamil Nadu,Tiruppur,11.1085242,77.3410656,1588703400,1800,0,0,0,0,0,1,0,0,https://goo.gl/maps/6KrVThf3uGDA9f8M8,06/05/20,Demanding special pay,"Conservancy workers wore black badges to work, demanding special pay of a month's salary similar to what the Chief Minister has announced for doctors, nurses and medical staff for their contribution against the pandemic.",1800,https://www.thehindu.com/news/cities/Coimbatore/conservancy-workers-in-tiruppur-wear-black-badges-demanding-special-pay/article31517339.ece,https://www.thehindu.com/news/cities/Coimbatore/srdefl/article31517479.ece/ALTERNATES/FREE_660/Tiruppur,"Vijay Ram S, 9597928778"
28,05/09/20 23:22,Gujrat,"Udhna magdalla road BJP MP CR Patel's house , surat",21.1587333,72.8317166,1588098600,500,0,1,0,0,0,1,0,0,"Udhana - Magdalla Rd Surat, Gujarat https://maps.app.goo.gl/LSbfqUF9t847VgWW6",4/29/2020,"Related to demand to be sent home, to register their names on the online portal of their home",Minor scuffle ,500,https://indianexpress.com/article/india/migrant-workers-gather-outside-bjp-mps-office-in-surat-police-intervene-6385540/,https://indianexpress.com/article/india/migrant-workers-gather-outside-bjp-mps-office-in-surat-police-intervene-6385540/,"Vyshnavy, 9319130169"
29,05/09/20 23:24,Tamil Nadu,"Vengaivasal, Chennai",12.9030658,80.1889747,1588617000,500,0,1,0,0,0,0,0,0,https://goo.gl/maps/6TzYwxV6HvbEuiVk7,05/05/20,Related to demand to be sent home,Migrant workers attempted to leave the city but they were stopped at checkpoints by the police.,500,https://www.thehindu.com/news/national/tamil-nadu/7-migrant-workers-held-for-hurling-stones-at-police/article31512887.ece,,"Vijay Ram S, 9597928778"
30,05/09/20 23:49,Karnataka,"Near kadgudi Polic Stactions, Dist-Bangalore",12.9954639,77.7577067,1596565800,400,0,1,0,0,0,0,0,0,https://forms.gle/cU9a9titogPMKzTu6,05/08/20,Related to demand to be sent home,Road Blocked,400,Yes,Yes,Bikram-9019215142
31,05/09/20 23:50,Himachal Pradesh,"Kothipura, District: Bilaspur",31.2867228,76.77549,1580841000,1000,1,1,1,0,0,0,0,0,https://goo.gl/maps/SsQRuBhLDK7efbZv7,05/02/20,"Related to wages, Related to demand to be sent home, Related to Food","More than 1,000 migrant workers engaged in construction work of AIIMS being built at Kothipura in Bilaspur district of Himachal Pradesh staged a protest on Saturday against the state government and demanded facilities to return to their hometown and availability of food every day during the lockdown period.",1000,https://www.hindustantimes.com/cities/migrant-workers-protest-in-bilaspur-demand-facilities-to-return-home/story-6miADVaLWO7h46raT7eUNK.html,https://www.hindustantimes.com/rf/image_size_960x540/HT/p2/2020/05/02/Pictures/_c2de0afe-8c6e-11ea-8f61-783f666b6086.jpg,"Ankan, 9064070644"
32,05/09/20 23:59,Karnataka,"Near kadgudi Polic Stactions, Dist-Bangalore",12.9954639,77.7577067,1596565800,400,0,1,0,0,0,0,0,0,https://forms.gle/cU9a9titogPMKzTu6,05/08/20,Related to demand to be sent home,Road Blocked,400,Yes,Yes,Bikram-9019215142
33,05/10/20 00:07,Karnataka,Yashwantpur Railway station Bangalore,13.0237502,77.551712,1593887400,1200,0,1,0,0,0,0,0,1,https://forms.gle/cU9a9titogPMKzTu6,05/07/20,"Related to demand to be sent home, Against govt policies",Road Block,1200,Y,Y,Bikram-9019215142
34,05/10/20 00:49,Telangana ,Tolichowki flyover,17.3990572,78.4158097,1583260200,1000,0,1,0,0,0,0,0,0, https://maps.app.goo.gl/boZaE7bCZZaTfMHV6,04/03/20,Related to demand to be sent home,The migrant wokers surged forward while The police placed barricades,1000,https://www.newindianexpress.com/cities/hyderabad/2020/may/04/migrants-protest-at-tolichowki-want-government-to-send-them-home-2138885.amp,https://twitter.com/a18_news/status/1256877765212737536?s=20,"Vyshnavy, 9319130169"
35,05/10/20 00:58,Telangana ,"Vadapalle, Nalagonda dist",16.7050207,79.653016,1578076200,100,0,1,0,0,0,0,0,0, https://maps.app.goo.gl/bvhT5bCCCnAkb2vm6,04/01/20,Related to demand to be sent home,Minor scuffle ,100,https://youtu.be/iz1bNJDRRb0,https://youtu.be/iz1bNJDRRb0,"Vyshnavy, 9319130169"
36,05/10/20 01:13,Andhra Pradesh ,"Kilimigundla mandal, Kurnool",15.0754946,78.1065505,1588617000,1500,0,1,1,0,0,0,0,0,https://maps.app.goo.gl/oegBwSKRNcWco7Dv9,05/05/20,"Related to wages, Related to demand to be sent home",Staged protest. Workers torched one of the containers at the plant.,1500,https://newsmeter.in › tension-g... Web results Tension grips Kurnool's Ramco Cement Plant after workers torch container,https://newsmeter.in › tension-g... Web results Tension grips Kurnool's Ramco Cement Plant after workers torch container,"Vyshnavy, 9319130169"
37,05/10/20 01:27,Andhra Pradesh ,"Kovvur, West Godavari dist ",17.0125618,81.727383,1586025000,300,0,1,0,0,0,0,0,0,https://maps.app.goo.gl/PLgoGuWTr9uBWFtu5,05/04/20,Related to demand to be sent home,Police applied force after trying to pacify the workers. Workers pelted stones and threw water bottles at them ,300,https://mumbaimirror.indiatimes.com/coronavirus/news/watch-migrant-workers-continue-protests-in-telangana-andhra-pradesh/articleshow/75534122.cms,https://mumbaimirror.indiatimes.com/coronavirus/news/watch-migrant-workers-continue-protests-in-telangana-andhra-pradesh/articleshow/75534122.cms,"Vyshnavy, 9319130169"
38,05/10/20 01:45,Telangana ,"Yadadri thermal power plant, Nalagonda dist",16.7018332,79.6206675,1586025000,1000,0,1,1,0,0,0,0,0,https://maps.app.goo.gl/PvL3LQ5ZM8Q56MZb7,05/04/20,"Related to wages, Related to demand to be sent home",Staged protest demanding for due wages and providing transportation. ,1000,https://m.youtube.com › watch Thousands of Migrant Workers Protest On Road At Yadadri Thermal Power Plant ...,https://m.youtube.com › watch Thousands of Migrant Workers Protest On Road At Yadadri Thermal Power Plant ...,"Vyshnavy, 9319130169"
39,05/10/20 01:54,Andhra Pradesh ,"Gangavaram port road, Vishakapatanam",17.6629394,83.1936447,1591295400,500,0,1,1,0,0,0,0,0,https://maps.app.goo.gl/TawitLKWb5Nk2bySA,05/06/20,"Related to wages, Related to demand to be sent home",Staged protest demanding due wages and providing travelling facilities to reach home (no voilence),500,https://youtu.be/9m-wr3nGrsI,https://youtu.be/9m-wr3nGrsI,"Vyshnavy, 9319130169"
40,05/10/20 02:15,Delhi,"Suncity Township, Gurugram",28.4333106,77.1054854,1586025000,500,0,1,1,0,0,0,0,0,https://maps.app.goo.gl/1CjjXCAEuToxW8YZ8,05/04/20,"Related to wages, Related to demand to be sent home",Took to the roads. The situation was brought under control by police without the use of force,500,https://www.thehindu.com › Delhi Web results Migrant workers stage protest demanding to be sent home - The Hindu,https://www.thehindu.com › Delhi Web results Migrant workers stage protest demanding to be sent home - The Hindu,"Vyshnavy,  9319140169"
41,05/10/20 02:51,Andhra Pradesh ,"Koretipadu centre, Guntur",16.3137711,80.4338091,1588617000,500,0,1,1,0,0,0,0,0,https://maps.app.goo.gl/uPMh5eQnguoGjMgW6,05/05/20,"Related to wages, Related to demand to be sent home",Migrants take to roads (no voilence witnessed),500,https://m.youtube.com › watch Migrant Workers Protest In Guntur District || LIVE Updates || AP24x7 - YouTube,https://m.youtube.com › watch Migrant Workers Protest In Guntur District || LIVE Updates || AP24x7 - YouTube,"Vyshnavy, 9319130169"
42,05/10/20 03:01,Andhra Pradesh ,"Tahsindar office, Renigunta",13.6356528,79.5017742,1588617000,100,1,1,1,0,0,0,0,0,https://maps.app.goo.gl/MJhiGGW4W75eAgZT9,05/05/20,"Related to wages, Related to demand to be sent home, Related to Food",Took to the roads. Ending the dharna after issues being addressed ,100,https://www.thehansindia.com/andhra-pradesh/migrant-labourers-protest-continues-in-tirupati-620898,https://www.thehansindia.com/andhra-pradesh/migrant-labourers-protest-continues-in-tirupati-620898,"Vyshnavy, 9319130169"
43,05/10/20 03:09,Kerala,"Mukkam, Kerala ",11.3212492,75.996346,1588617000,100,1,1,0,0,1,0,0,0,https://maps.app.goo.gl/6Rwsc2RqQuLaBUha8,05/05/20,"Related to demand to be sent home, Related to Food, Related to facilities at relief/quarantine shelters",Protesters took to roads. On being addressed by police officials they went back to camps,100,"https://www.indiatoday.in › story Web results Migrant workers hold protest in Kerala, demand to be sent home - India News",https://www.news18.com › india Web results Migrant Workers Hold Protest in Kerala Amid Covid-19 ... - News18.com,"Vyshnavy, 9319130169"
44,05/10/20 03:29,Madhya Pradesh ,"Bijasan, Barwani dist, MP",22.0456174,74.7249281,1583346600,7000,0,1,0,0,0,0,0,0,https://maps.app.goo.gl/4vErDBy1PPkAy58a6,05/03/20,Related to demand to be sent home,On remaining unheard by Birwani dist administration a protest was staged and voilence erupted after police resorted to force and were attacked back by protestors. 5 police officials hurt.,7000,https://timesofindia.indiatimes.com/city/bhopal/migrant-workers-attack-cops-asp-sdm-among-5-hurt/articleshow/75524396.cms,https://timesofindia.indiatimes.com/city/bhopal/migrant-workers-attack-cops-asp-sdm-among-5-hurt/articleshow/75524396.cms,"Vyshnavy, 9319130169"
45,05/10/20 03:46,Telangana ,"Khanapuram haveli industrial area, Kammam",17.2594361,80.2035158,1588617000,500,0,1,0,0,0,0,0,0,https://maps.app.goo.gl/KF7PCtM1gQAkDGu57,05/05/20,Related to demand to be sent home,Marched from Khanapuram Haveli industrial area to Yellandu crossroads.,500,https://www.newindianexpress.com/states/telangana/2020/may/06/financial-crunch-migrant-workers-stage-protest-in-telanganas-khammam-amid-covid-19-lockdown-2139703.html,https://www.newindianexpress.com/states/telangana/2020/may/06/financial-crunch-migrant-workers-stage-protest-in-telanganas-khammam-amid-covid-19-lockdown-2139703.html,"Vyshnavy, 9319130169"
46,05/10/20 03:54,Telangana ,"Revenue office, Kammam",17.2507692,80.1373341,1588617000,150,1,1,1,0,0,0,0,0,https://maps.app.goo.gl/hRrbsMoEV764VcDK8,05/05/20,"Related to wages, Related to demand to be sent home, Related to Food",Seated outside Revenue office in kammam. ,150,YouTube app · Installed Web results Several States Migrant Workers Protest at Revenue Office In Khammam | 6tv ...,YouTube app · Installed Web results Several States Migrant Workers Protest at Revenue Office In Khammam | 6tv ...,"Vyshnavy, 9319140169"
47,05/10/20 04:03,Telangana ,"NTPC police station, Ramagundam, peddapalli dist",18.7616686,79.4802629,1583346600,3000,0,1,0,0,0,0,0,0,https://maps.app.goo.gl/sJTVAeHYdBD2drxd8,05/03/20,Related to demand to be sent home,Seated outside police station. Lathi charged to disperse the migrant workers ,3000,https://youtu.be/VRWuWUL4KdI,https://youtu.be/VRWuWUL4KdI,"Vyshnavy, 9319130169"
48,05/10/20 04:12,Telangana ,"Power project, Ramagundam, peddapalli dist",18.7589455,79.455539,1588185000,200,1,1,1,0,1,0,0,0,https://maps.app.goo.gl/fVQZBezP3mH27u31A,4/30/2020,"Related to wages, Related to demand to be sent home, Related to Food, Related to facilities at relief/quarantine shelters",Sloganeering outside power project.,200,https://youtu.be/gRxAc2E63cc ,https://youtu.be/gRxAc2E63cc,"Vyshnavy, 9319140169"
49,05/10/20 04:51,Kerala ,"Gram panchayat, Kodiyathoor, Kozhikode",11.2843636,75.9872896,1591295400,300,1,1,0,0,1,0,0,0,https://maps.app.goo.gl/cBFXPvZaFTs42oy37,05/06/20,"Related to demand to be sent home, Related to Food, Related to facilities at relief/quarantine shelters",Staged a protest outside gram panchayat. Protestors went back assured by police officials that arrangements would be made,300,https://www.republicworld.com/amp/india-news/law-and-order/kerala-migrant-workers-stage-protests-in-kozhikode-demands-to-be-sen.html,https://www.republicworld.com/amp/india-news/law-and-order/kerala-migrant-workers-stage-protests-in-kozhikode-demands-to-be-sen.html,"Vyshnavy, 9319130169"
50,05/10/20 05:28,Kerala ,"Chattiparambu, Mallapuram dist",10.9985067,76.0902158,1588185000,100,1,1,1,0,0,0,0,0,https://maps.app.goo.gl/ajRdrUvkXJezyT8j6,4/30/2020,"Related to wages, Related to demand to be sent home, Related to Food",Took to roads demanding assistance to return home. (No traces of voilence),100,https://t.co/B5eUrOxDtt?amp=1,https://t.co/B5eUrOxDtt?amp=1,"Vyshnavy, 9319130169"
51,05/10/20 12:00,Uttar Pradesh ,"Nagla Beni, Etawah",26.6168779,79.247758,1596565800,0,0,0,1,0,0,0,0,0,https://maps.app.goo.gl/HmU8qxVMUssTXyb17,05/08/20,Related to wages,Gherao of public officials for rigging with the mnrega funds,,https://janjwar.com/post/mnrega-workers-protest-against-rigging-in-etawah-goons-fired-at-orgy,,Prachi - 9027206698
52,05/10/20 12:10,Kerala ,"Koothattukulam, Ernakulam dist, kerala",9.86159,76.5956642,1593887400,200,1,1,0,0,0,0,0,0,https://maps.app.goo.gl/EfQdxCw6ZWJgPh6n6,05/07/20,"Related to demand to be sent home, Related to Food",Staged protest demanding demading to be sent back home,200,https://www.timesnownews.com/amp/india/article/kerala-lockdown-police-resort-to-lathicharge-in-ernakulam-to-disperse-migrant-labourers-video/588312,https://www.timesnownews.com/amp/india/article/kerala-lockdown-police-resort-to-lathicharge-in-ernakulam-to-disperse-migrant-labourers-video/588312,"Vyshnavy, 9319140169"
53,05/10/20 12:23,Andhra Pradesh ,"AIIMS, Mangalgiri",16.4438942,80.5816432,1596565800,1300,0,1,0,0,0,0,0,0,https://maps.app.goo.gl/B8usWvsBnCvVVsKv5,05/08/20,Related to demand to be sent home,Workers pelted stones at the AIIMS construction.,1300,https://www.thenewsminute.com/article/tension-aiims-ap-migrant-workers-wanting-go-home-resort-stone-pelting-124193,https://www.thenewsminute.com/article/tension-aiims-ap-migrant-workers-wanting-go-home-resort-stone-pelting-124193,"Vyshnavy, 9319130169"
54,05/10/20 12:37,Kerala ,"Veliyankode, Mallapuram dist",10.7277244,75.9481236,1596565800,500,0,1,0,0,0,0,0,0,https://maps.app.goo.gl/EsUWmunbfXNg9ofG9,05/08/20,Related to demand to be sent home,Staged a protest demading transportation. Chased away by police.,500,https://www.thehindu.com/news/national/kerala/migrant-workers-from-bengal-stage-protest/article31530178.ece,https://www.thehindu.com/news/national/kerala/migrant-workers-from-bengal-stage-protest/article31530178.ece,"Vyshnavy, 9319130169"
55,05/10/20 12:41,Kerala ,"Perumpadappu, Mallapuram dist",10.7026174,75.9840587,1596565800,500,0,1,0,0,0,0,0,0,https://maps.app.goo.gl/zCmxVFKbvKRCCAaaA,05/08/20,Related to demand to be sent home,Staged protest demading transportation. Chased away by police later  ,500,https://www.thehindu.com › news Web results Migrant workers from Bengal stage protest - The Hindu,https://www.thehindu.com › news Web results Migrant workers from Bengal stage protest - The Hindu,"Vyshnavy, 9319130169"
56,05/10/20 12:44,West Bengal,Chourangee area of Asansol; District-Paschim Barddhaman,23.6888636,86.9660638,1596565800,400,0,1,0,0,0,0,0,0,"https://www.google.com/maps/place/Asansol,+West+Bengal/@23.6836586,86.9242344,12z/data=!3m1!4b1!4m5!3m4!1s0x39f71f0ea1022529:0xf888f7e7fd11cefe!8m2!3d23.6888636!4d86.9660638",05/08/20,Related to demand to be sent home,"Hundreds of migrant labourers staged a protest at Chourangee area of Asansol, which is the border of West Bengal and Jharkhand, after being stopped from crossing the border on Friday, 8th May. All of them originally belong to Bihar, Uttar Pradesh and Jharkhand and until recently working in different parts of West Bengal. They say that the West Bengal Police have allowed them to go to their native village, but the Jharkhand Police is not allowing them to enter the state.",400,https://zeenews.india.com/west-bengal/migrant-workers-protest-in-asansol-allege-jharkhand-police-not-allowing-them-to-cross-border-2281969.html,,Subhranil Dutta; 8116077405
57,05/10/20 12:51,Andhra Pradesh ,"Pedagantyada, Vizag",17.6665858,83.2063083,1593887400,500,1,1,1,0,0,0,0,0,https://maps.app.goo.gl/7XzKHNMqiNpqsLQV8,05/07/20,"Related to wages, Related to demand to be sent home, Related to Food",Staged a protest demanded that they should be first paid the salary of April and then they be sent to their native states. No voilence seen.,500,https://www.hindustantimes.com/andhra-pradesh/migrant-labourers-in-vizag-protest-demanding-payment-of-salary-for-april-before-sending-them-to-their-native-states/story-UXedw4V2jlfkh2yYAu77ZM.html,https://www.hindustantimes.com/andhra-pradesh/migrant-labourers-in-vizag-protest-demanding-payment-of-salary-for-april-before-sending-them-to-their-native-states/story-UXedw4V2jlfkh2yYAu77ZM.html,"Vyshnavy, 9319130169"
58,05/10/20 12:59,Andhra Pradesh ,"Chimakutry, Prakasam dist",15.5855375,79.8671813,1591295400,2000,0,1,0,0,0,0,0,0,https://maps.app.goo.gl/2iUGQbJLBKdPcos18,05/06/20,Related to demand to be sent home,Staged a noisy at Ongole-Kurnool highway demanding. No voilence. ,2000,https://www.thehindu.com/news/national/andhra-pradesh/restive-migrant-workers-stage-protest-at-chimakurthy/article31521056.ece,https://www.thehindu.com/news/national/andhra-pradesh/restive-migrant-workers-stage-protest-at-chimakurthy/article31521056.ece,"Vyshnavy, 9319130169"
59,05/10/20 13:39,Kerala,"Payyanur, Kannur dist",12.0972416,75.1933906,1593887400,500,0,1,0,0,0,0,0,0,https://maps.app.goo.gl/jzCaRvE9su9Yuajf8,05/07/20,Related to demand to be sent home,Staged protest in front of payyanur police station. No news about voilence. ,500,https://www.thenewsminute.com/article/hundreds-migrant-workers-protest-3-kerala-districts-lathicharge-ernakulam-124115,https://www.thenewsminute.com/article/hundreds-migrant-workers-protest-3-kerala-districts-lathicharge-ernakulam-124115,"Vyshnavy, 9319130169"
60,05/10/20 13:47,Kerala ,"Paippad, Kottayam dist",9.4221721,76.5863882,1585420200,1000,1,1,0,0,0,0,0,0,https://maps.app.goo.gl/YMWdn55aiUdUSMTh7,3/29/2020,"Related to demand to be sent home, Related to Food",Took to the roads demanding transportation. No nees about voilence ,1000,https://english.manoramaonline.com/news/kerala/2020/03/29/kerala-migrant-labourers-protest-defying-lockdown-paippad.html,https://english.manoramaonline.com/news/kerala/2020/03/29/kerala-migrant-labourers-protest-defying-lockdown-paippad.html,"Vyshnavy, 9319130169"
61,05/10/20 14:14,Chandigarh (UT),Chandigarh,30.7333148,76.7794179,1588271400,0,0,0,0,0,0,1,0,0,https://goo.gl/maps/y1RQmJj4MpXyJM1F9,01/05/20,Demand for proper compensation due to death of a PRTC driver who was sent to bring back pilgrims from Nanded,Sit in,,,,Amartya
62,05/10/20 14:20,Punjab,Sangrur,30.2457963,75.8420716,1587753000,0,1,0,0,1,0,1,0,1,https://goo.gl/maps/QBNdNJAQLKibmhbH7,4/25/2020,"Related to Food, Dispute regarding ration mal-distribution, Against govt policies, Release of dues to MNREGA labourers, quick purchase and lifting of wheat and taking all private hospitals under government control",Local Demonstration,,https://www.tribuneindia.com/news/punjab/farmers-labourers-students-in-punjab-protest-via-facebook-76143,,Amartya
63,05/10/20 15:05,Rajasthan,"Rajasthan Textile Mills in Bhawanimandi, Jhalawar",24.4039009,75.8203347,1599244200,300,0,0,1,0,0,0,0,0,https://goo.gl/maps/KVDeDUUmWGMvH3NfA,05/09/20,Related to wages,Demonstration and Stone Pelting outside rajasthan Mills Labour Colony. More than 300 migrant labourers & textile mill workers protested in Jhalawar's Rajasthan Textile Mills as they were not provided their salaries by the authorities for the past two months.,300,,https://www.youtube.com/watch?v=sZPUp1URpEI,"Kamya, 9871966997"
64,05/10/20 15:14,Rajasthan,Bhilwara Textile Hub,25.3432991,74.6296766,1601836200,1250,0,0,1,0,0,0,0,0,https://goo.gl/maps/ScNAZ3NowMgZ8XX68,05/10/20,Related to wages,"Demonstration by migrants (from UP, Bihar, West Bengal) against non-payment of wages for 2 months.",1250,,https://www.youtube.com/watch?v=sZPUp1URpEI,Kamya 9871966997
65,05/10/20 15:34,West Bengal,"NH 60, Raniganj, District-Paschim Barddhaman",23.6107871,87.1139511,1596565800,500,1,1,1,0,0,0,0,0,"https://www.google.com/maps/place/NH-60,+Kenda,+West+Bengal+713342/@23.4823331,86.9998696,9z/data=!4m13!1m7!3m6!1s0x39f71445551b8223:0x44d93d79a9985f5c!2sNH-60,+Kenda,+West+Bengal+713342!3b1!8m2!3d23.6779562!4d87.1720552!3m4!1s0x39f71445551b8223:0x44d93d79a9985f5c!8m2!3d23.6779562!4d87.1720552",05/08/20,"Related to wages, Related to demand to be sent home, Related to Food","Many workers from Purulia district came to work in brickyards of Paschim Barddhaman district was stuck in their workplaces for months due to lockdown. They did not get proper food, were denied  any transport to go home by local administration and were not even paid their wage from the owner of brickyard.   In this circumstances more than 500 workers started their journey to go home by walking. But at Mejiya bridge of Raniganj they were stopped by police on 7th May. They were not given any food. Next day the workers launched a protest and blocked NH 60,located in that region. They demanded arrangement for going home and food.   ",500,https://m.facebook.com/story.php?story_fbid=2658565847746771&id=100007801458834,https://m.facebook.com/story.php?story_fbid=2658565847746771&id=100007801458834,Subhranil Dutta; 8116077405
66,05/10/20 15:55,Gujarat,"Vareli market, Surat",21.1752161,72.950697,1586025000,0,0,1,0,0,0,0,0,0,"https://www.google.com/maps/place/Vareli,+Gujarat/@21.1782597,72.9416672,15z/data=!3m1!4b1!4m5!3m4!1s0x3be044d9dd7c5b5f:0x93521bf5879f477b!8m2!3d21.1780642!4d72.9505106",05/04/20,Related to demand to be sent home,"protesters gathered outside the Vareli market area, when Police came to disburse. Labourers pelted stones. Police used tear gas",,https://www.ndtv.com/india-news/coronavirus-lockdown-migrant-workers-demanding-to-return-to-home-states-clash-with-cops-in-gujarats-surat-stone-throwing-tear-gas-reported-2223013,https://c.ndtvimg.com/2020-05/qlpe9n1c_surat_625x300_04_May_20.jpg,Shreya - 9811626885
67,05/10/20 16:07,Gijarat,"Diamond Nagar, Surat",21.2570318,72.9332685,1601749800,300,1,0,0,0,0,0,0,0,"https://www.google.com/maps/place/Diamond+Nagar,+Laskana,+Gujarat+394185/@21.2579997,72.9248263,15z/data=!3m1!4b1!4m5!3m4!1s0x3be04677f28c0d09:0xf7a95d790e8fd21d!8m2!3d21.2570318!4d72.9332685",04/10/20,Related to Food,"workers of textile company kept in warehouse, on not getting food for 2 days, came on to the street to protest. Burn tires. Police lathi charged",300,https://www.republicworld.com/india-news/law-and-order/workers-protest-burn-tires-police-detains-and-then-feeds-them.html,videa available @ <https://www.republicworld.com/india-news/law-and-order/workers-protest-burn-tires-police-detains-and-then-feeds-them.html>,Shreya - 9811626885
68,05/10/20 16:17,Gujarat,"Kadodara, Surat",21.1717035,72.962671,1586025000,0,0,1,0,0,0,0,0,0,"https://www.google.com/maps/place/Kadodara,+Gujarat/@21.1663126,72.938146,14z/data=!3m1!4b1!4m5!3m4!1s0x3be044cc6506f16f:0xfa0f3f21999608b9!8m2!3d21.1717035!4d72.962671",05/04/20,Related to demand to be sent home,Workers came on to streets. Clash with Police. Police used tear gas shells to disperse,,https://www.thehindu.com/news/national/other-states/migrant-workers-clash-with-police-in-surat/article31499789.ece,https://www.thehindu.com/news/national/other-states/wv7j3o/article31499788.ece/ALTERNATES/FREE_960/surat,Shreya- 9811626885
69,05/10/20 16:23,Gujarat,Vadodara,22.3071588,73.1812187,1588185000,0,0,1,0,0,0,0,0,0,"https://www.google.com/maps/place/Vadodara,+Gujarat/@22.3220425,73.0330003,11z/data=!3m1!4b1!4m5!3m4!1s0x395fc8ab91a3ddab:0xac39d3bfe1473fb8!8m2!3d22.3071588!4d73.1812187",4/30/2020,Related to demand to be sent home,Refused food in protest. ,,https://indianexpress.com/article/india/as-the-wait-to-return-home-gets-longer-migrant-labourers-at-vadodara-camp-refuse-to-eat-6387634/,,Shreya- 9811626885
70,05/10/20 16:33,Gujarat,"Varel, Palsana, Surat",21.0918019,72.9139634,1586025000,2000,1,0,0,0,0,0,0,0,"https://www.google.com/maps/place/Surat+-+Palsana,+Gujarat/@21.0918019,72.9117747,17z/data=!3m1!4b1!4m5!3m4!1s0x3be04e39e8e5657f:0xfbedd4b623226ff!8m2!3d21.0918019!4d72.9139634",05/04/20,Related to Food,Workers came on to streets. Stone pelting on Police. Police used tear gas,2000,https://english.gujaratexclusive.in/migrants-police-clash-in-surat-stones-pelted-tear-gas-used/,https://s3-ap-south-1.amazonaws.com/english.gujaratexclusive.in/wp-content/uploads/2020/05/04110626/59615e89-fa1a-461c-9208-87041c014abd.jpg,Shreya 9811626885
71,05/10/20 16:47,Rajasthan,Kota,25.2138156,75.8647527,1587925800,200,0,1,0,0,0,0,0,0,https://goo.gl/maps/JfhgTNvUUeptijTL8,4/27/2020,Related to demand to be sent home,Students (from Bihar) protesting and demanding Bihar govt to take them home.,200,https://www.amarujala.com/rajasthan/case-registered-on-bihar-student-who-stranded-in-kota-for-doing-protest-and-violating-the-lockdown-guidelines,,Kamya 9871966997
72,05/10/20 16:49,Rajasthan,Bhilwara Textile Hub,25.3432991,74.6296766,1601836200,1250,0,0,1,0,0,0,0,0,https://goo.gl/maps/ScNAZ3NowMgZ8XX68,05/10/20,Related to wages,"Demonstration by migrants (from UP, Bihar, West Bengal) against non-payment of wages for 2 months.",1250,,https://www.youtube.com/watch?v=sZPUp1URpEI,Kamya 9871966997
73,05/10/20 16:50,West Bengal,Bankura District,23.164543,87.0624261,1578162600,1200,0,1,1,0,0,0,0,0,"https://www.google.com/maps/place/Bankura,+West+Bengal/@23.2291572,87.0280263,13z/data=!3m1!4b1!4m5!3m4!1s0x39f7a58c5fc2b411:0xfdbd0b45c0b4aa70!8m2!3d23.2312686!4d87.0783875",05/01/20,"Related to wages, Related to demand to be sent home","On 1st May more than 1200 workers of Bankura district shown a massive protest in front of Concast Steel and Power LTD factory which is situated in number 2 block of Bankura. They informed that they were not paid the wage of last two months and management remained reluctant about paying that throughout the lockdown period.  Around 300  of the protesting workers are from different states namely Uttar Pradesh, Jharkhnd and Bihar. Workers demanded permission and arrangement from administration to  send them home, along with payment of their wage.   ",1200,https://m.facebook.com/story.php?story_fbid=2652597671676922&id=100007801458834,https://m.facebook.com/story.php?story_fbid=2652597671676922&id=100007801458834,Subhranil Dutta ; 8116077405
74,05/10/20 17:13,Rajasthan,Cities in Rajasthan (no other info found),27.0238036,74.2179326,1586802600,0,0,1,0,0,0,0,0,1,,4/14/2020,"Related to demand to be sent home, Against govt policies",Against extension of lockdown and demanding that they be sent home,,https://www.indianera.com/government/covid-19-lockdown-2-0-triggers-migrant-protests-across-india/,,Kamya 9871966997
75,05/10/20 17:31,Gujarat,Rajkot,22.3038945,70.8021599,1583346600,0,1,0,0,0,0,0,0,0,"https://www.google.com/maps/place/Rajkot,+Gujarat/@22.2734269,70.6812104,11z/data=!3m1!4b1!4m5!3m4!1s0x3959c98ac71cdf0f:0x76dd15cfbe93ad3b!8m2!3d22.3038945!4d70.8021599",05/03/20,Related to Food,,,https://in.news.yahoo.com/video/watch-migrant-workers-protest-rajkot-170800134.html,,Shreya - 9811626885
76,05/10/20 17:34,Haryana,Yamunanagar,30.1290485,77.2673901,1586025000,100,0,1,0,0,0,0,0,0,https://www.google.com/maps/vt/data=cXK8OAbXDkMq12KmuGGqaDgjVUWuVLB6zpUO_cDq1SiQ8vyPFnmetMMGch0947JZfKqjQ9Dyd_grOYMyUPBFS4kEqnxKGHTId8H7-GevbTDcDQn66v4nBPCcXZVN_0t0gNePmOR6xxdYuCcBfuxQXZTfy1ecEws-cjkreyLnBIKItVOpUvJ02KgRMlgUikD2FKfUAP2ET8JmygVkEC2mKtZquGHLjKwR48kaMN8ZVdNCz8HI4coeWY8ZQCGe,05/04/20,Related to demand to be sent home,"More than 100 migrant workers blocked the Kurukshetra-Yamunanagar road demanding to be sent back home, 2 cops were injured, cases filed against unknown persons under Sections 148, 149, 332, 353, 186, 188, 341, 323, 269, 270, 427, 506 and 120-B of the IPC at Farakpur police station",100,https://www.tribuneindia.com/news/haryana/2-cops-hurt-in-stone-pelting-by-protesting-migrant-workers-80412#.XrDLpHP2gV0.twitter,,"Shambhavi, 9811107835"
77,05/10/20 17:37,Gujarat,Ahmedabad,23.022505,72.5713621,1596565800,0,0,1,0,0,0,0,0,0,"https://www.google.com/maps/place/Ahmedabad,+Gujarat/@23.0199968,72.2995501,10z/data=!3m1!4b1!4m5!3m4!1s0x395e848aba5bd449:0x4fcedd11614f6516!8m2!3d23.022505!4d72.5713621",05/08/20,Related to demand to be sent home,clash with paramilitary forces,,https://www.nytimes.com/reuters/2020/05/09/world/asia/09reuters-health-coronavirus-india.html?searchResultPosition=6,,Shreya - 9811626885
78,05/10/20 17:50,Gujarat ,"Hazira Industrial area, Surat",21.2213795,72.7531072,1599244200,800,0,1,0,0,0,0,0,0,"https://www.google.com/maps/place/Hazira,+Gujarat/@21.1417897,72.6076416,12z/data=!3m1!4b1!4m5!3m4!1s0x3be1adbe014117ed:0x6e0c849f15dc5907!8m2!3d21.1784184!4d72.6587856",05/09/20,Related to demand to be sent home,gathered on streets. Clash with Police. 60 arrested. ,800,https://www.indiatoday.in/india/story/migrant-workers-throw-stones-at-police-in-gujarat-in-protest-against-lockdown-1676310-2020-05-10,,Shreya - 9811626885
79,05/10/20 17:51,Haryana,Kapasera Border,28.521447,77.081907,1596565800,1000,0,1,0,0,0,0,0,0,"https://www.google.com/maps/place/Kapashera+Border/@28.521447,77.081907,15z/data=!4m2!3m1!1s0x0:0xdbec5b5a5cf19955?sa=X&ved=2ahUKEwjQhJHdo6npAhW463MBHUUZBDMQ_BIwFnoECBIQCA",05/08/20,Related to demand to be sent home,"Workers gathered at Kapashera border, trying to enter Delhi, towards going to their home towns in UP and Bihar. Thousands of workers clashed with the police and were dispersed after a lathi charge. ",1000,https://www.workersunity.com/news/delhi-police-lathicharged-to-migrant-workers/,,Shambhavi
80,05/10/20 17:59,Haryana,"Khoh, Manesar",28.3539546,76.9290151,1586025000,0,0,1,0,0,0,0,0,0,"https://www.google.com/maps/place/Khoh,+Haryana+122051/@28.3548626,76.9200898,15z/data=!3m1!4b1!4m5!3m4!1s0x390d3c2ff70249df:0x43994c4d8e443b14!8m2!3d28.3539546!4d76.9290151",05/04/20,Related to demand to be sent home,"Hundreds of workers gathered at a government school in Khoh, Manesar wanting to register for inter-state movement for going back to their home states. Officials denied any such registration was announced. Police was called in and the workers were lathi charged to disperse the gathering. ",,https://www.hindustantimes.com/gurugram/pandemonium-after-migrant-workers-gather-for-registration/story-MVDJeWyQcQp7QY5WPGMLOO.html,https://twitter.com/Inquilabo/status/1256977156615352321,Shambhavi
81,05/10/20 18:00,Sikkim,Samardung South Sikkim,27.1879017,88.4949992,1584901800,150,0,0,0,0,0,1,0,0,https://goo.gl/maps/nEvNknhh2vnPZDwm6,3/23/2020,Zydus Wellness Product Limited Workers protest against the company for continuing the work during COVID-19 lock-down.,Group of workers gather in front of company office and they seat in Dharna.  ,150,https://m.facebook.com/story.php?story_fbid=213110779939278&id=1679696145643235,https://m.facebook.com/story.php?story_fbid=213110779939278&id=1679696145643235,chewang 9593861106
82,05/10/20 18:03,Haryana,Jind,29.325508,76.2997909,1586025000,0,0,1,0,0,0,0,0,0,https://goo.gl/maps/VS1FUSjTC1MtaQZD8,05/04/20,Related to demand to be sent home,"Large numbers took to the streets in Jind on 4th, dispersed with police action",,https://m.rediff.com/amp/news/report/haryana-migrant-workers-protest-pelt-stones-at-cops/20200505.htm?__twitter_impression=true,,Shambhavi
83,05/10/20 18:09,Sikkim,Mamring South Sikkim,27.160938,88.510803,1585074600,150,0,0,0,0,0,1,0,0,https://goo.gl/maps/qgkXPY7XoQUn8qP26,3/25/2020,Workers protest against the company for continuing the work during COVID-19 lockdown.,number of workers gather in front of company office. ,150,https://m.facebook.com/story.php?story_fbid=730002827533260&id=357386478443301,https://m.facebook.com/story.php?story_fbid=730002827533260&id=357386478443301,Chewang 9593861106
84,05/10/20 18:15,Sikkim,"Ranipool, Sikkim",27.2914168,88.5915537,1585247400,200,0,0,0,0,0,1,0,0,https://goo.gl/maps/UYvMabdKyiJVCtxc7,3/27/2020,Regarding health safety for workers.,"road blockade, ",200,https://www.facebook.com/watch/?v=897327107376264,https://www.facebook.com/watch/?v=897327107376264,chewang 9593861106
85,05/10/20 18:18,Jammu and Kashmir,"Chinab Textile Mill, Kathua, Jammu",32.387665,75.542955,1596565800,0,0,0,1,0,0,0,0,0,"https://www.google.com/maps/place/Chenab+Textile+Mills/@32.387665,75.542955,15z/data=!4m5!3m4!1s0x0:0xe27a4658532ad1ca!8m2!3d32.387665!4d75.542955",05/08/20,Related to wages,blocked Jammu-Pathankot highway and ransacked factory premises. Assembled inside workers colony inside factory premises.  Police detained around 12 people.,,https://www.outlookindia.com/website/story/india-news-j-k-chenab-textile-mill-workers-protest-over-non-payment-of-wages-matter-solved/352332  https://www.thestatesman.com/coronavirus/j-k-workers-protest-over-non-payment-of-full-wages-turns-violent-in-kathua-several-injured-in-baton-charge-by-police-1502885908.html,https://images.outlookindia.com/public/uploads/articles/2020/5/8/Chenab_Textile_570_850.jpg,Shreya - 9811626885
86,05/10/20 18:21,Punjab,Ludhiana,30.900965,75.8572758,1586025000,0,0,0,0,1,0,0,0,0,https://goo.gl/maps/a3mZqntafgtiu9sg7,05/04/20,Dispute regarding ration mal-distribution,National Highway 44 blocked,,https://www.tribuneindia.com/news/punjab/migrant-workers-protest-by-blocking-national-highway-in-ludhiana-80222,,Amartya
87,05/10/20 18:25,Maharasthra,"Mumbra town, Thane",19.1760819,73.0228895,1607106600,300,0,1,0,0,0,0,0,0,"https://www.google.com/maps/place/Mumbra,+Thane,+Maharashtra/@19.1811229,72.9870402,13z/data=!3m1!4b1!4m5!3m4!1s0x3be7bf117349510b:0xc8148b8a43075d71!8m2!3d19.1760819!4d73.0228895",05/12/20,Related to demand to be sent home,Agitation on streets,300,https://www.outlookindia.com/newsscroll/lockdown-migrant-workers-stage-protest-in-mumbra/1802279,,Shreya- 9811626885
88,05/10/20 18:25,NCT of Delhi,"Kashmere gate, north delhi",28.6664723,77.2332892,1604428200,0,1,0,0,0,1,0,0,0,https://goo.gl/maps/T9AhvnDGR7MSZRv26,04/11/20,"Related to Food, Related to facilities at relief/quarantine shelters",A shelter home in Delhi was set on fire at Kashmere gate after fight over food amongst workers and homeless. Hundreds of workers then moved to the banks of Yamuna and stayed there without any facilities. Cases were slapped on workers.,,https://scroll.in/latest/958945/coronavirus-migrant-workers-allegedly-set-three-shelters-in-delhi-on-fire-six-arrested,,Shambhavi
89,05/10/20 18:26,Punjab,Amritsar,31.6339793,74.8722642,1599244200,0,0,1,0,0,0,0,0,0,https://goo.gl/maps/6mS1y5AnK6Rgx2iv6,05/09/20,Related to demand to be sent home,Demonstration,,https://www.jagran.com/punjab/amritsar-amritsar-protest-by-labour-20257801.html,,Amartya
90,05/10/20 18:30,West Bengal,Alipurdhur,26.4922164,89.5319627,1587753000,10,1,0,0,1,0,0,0,0,https://goo.gl/maps/mF6my4t7NsrFnKwNA,4/25/2020,"Related to Food, Dispute regarding ration mal-distribution",Dharna at House ,10,https://youtu.be/Lz5yiw-omNU,https://youtu.be/Lz5yiw-omNU,chewang 9583861106
91,05/10/20 18:38,West Bengal ,Alipurdure,26.4922164,89.5319627,1591295400,100,1,1,0,1,0,0,0,1,https://goo.gl/maps/oc3amqpUsjRCo4E77,05/06/20,"Related to demand to be sent home, Related to Food, Dispute regarding ration mal-distribution, Against govt policies",number of workers gather on road side.,100,https://youtu.be/zA--B9j3A1E,https://youtu.be/zA--B9j3A1E,chewang 9593861106
92,05/10/20 18:42,Maharashtra,"Bandra, Mumbai",19.0595596,72.8295287,1586802600,1200,0,1,0,0,0,0,0,0,"https://www.google.com/maps/place/Bandra+Station/@19.0548399,72.8406903,15z/data=!4m5!3m4!1s0x0:0x77800faba0b8f5f5!8m2!3d19.0548399!4d72.8406903",4/14/2020,Related to demand to be sent home,Assembly on road near Railway station. Police beat to disburse. ,1200,https://www.outlookindia.com/newsscroll/migrant-workers-come-out-on-road-say-want-to-travel-back-home/1802144,https://images.news18.com/ibnlive/uploads/2020/04/1586869761_mumbai.jpg?impolicy=website&width=536&height=356  https://www.facebook.com/watch/?ref=search&v=2537318166509086&external_log_id=151033aae561898a6bbf605ddd89c824&q=Collective%20bandra,Shreya - 9811626885
93,05/10/20 18:42,Uttar Pradesh,Ghaziabad,28.6691565,77.4537578,1601836200,0,0,1,0,0,0,0,0,0,https://goo.gl/maps/wMcY67EtGk3srW2S9,05/10/20,Related to demand to be sent home,Hundreds of migrant workers stopped by Ghaziabad police on their way back to their hometowns from Delhi to Uttar Pradesh.,,https://timesofindia.indiatimes.com/city/ghaziabad/migrant-workers-returning-on-foot-to-native-places-in-up-bihar-stopped-by-ghaziabad-police/articleshow/75659004.cms,,Shambhavi
94,05/10/20 18:47,West Bengal,Bagrakote Jalpaiguri,26.8957671,88.5855173,1578076200,60,1,0,0,1,0,0,0,0,https://goo.gl/maps/3xAf8DM1cSXuvzeu8,04/01/20,"Related to Food, Dispute regarding ration mal-distribution",number of locality gather in front of ration shop to protest. ,60,https://m.facebook.com/story.php?story_fbid=686151355488262&id=100022802117733,https://m.facebook.com/story.php?story_fbid=686151355488262&id=100022802117733,chewang 9593861106
95,05/10/20 18:47,Kerala,"Pattambi, Palakad",10.8057301,76.1956647,1585420200,400,1,1,0,0,0,0,0,0,https://maps.app.goo.gl/kvNDcLrb9wESXo148,3/29/2020,"Related to demand to be sent home, Related to Food",Staged a panic protest due to vilifying what's app messages. No voilence. Police managed to pacify,400,https://keralakaumudi.com/en/news/mobile/news.php?id=273865&u=case-against-citu-leader-for-urging-migrant-workers-to-protest-273865,https://keralakaumudi.com/en/news/mobile/news.php?id=273865&u=case-against-citu-leader-for-urging-migrant-workers-to-protest-273865,"Vyshnavy, 9319130169"
96,05/10/20 18:56,Kerala ,"Perumbavoor, Ernakullam dist",10.1146301,76.4777526,1585506600,500,1,1,0,0,0,0,0,0,https://maps.app.goo.gl/UqiT2kAhB64Eacaw9,3/30/2020,"Related to demand to be sent home, Related to Food",Staged a protest. Addressed by police officials later.,500,https://www.thehindu.com/news/national/kerala/migrants-stage-protest-at-perumbavoor/article31211238.ece,https://www.thehindu.com/news/national/kerala/migrants-stage-protest-at-perumbavoor/article31211238.ece,"Vyshnavy, 9319130169"
97,05/10/20 19:03,Telangana ,"IIT, Hyderabad",17.4448019,78.3497604,1588098600,2000,0,1,1,0,0,0,0,0,https://maps.app.goo.gl/Vpn5btyiLc3c7rj56,4/29/2020,"Related to wages, Related to demand to be sent home",Stone pelting and damaging of vehicle was reported.,2000,https://www.indiatvnews.com › ... Web results Telangana: Thousands of migrant workers protest at IIT-Hyderabad over ...,https://www.indiatvnews.com › ... Web results Telangana: Thousands of migrant workers protest at IIT-Hyderabad over ...,"Vyshnavy, 9319130169"
98,05/10/20 19:16,Gujarat,"Halol check post, Waghodia, Vadodara",22.3663129,73.2549922,1580841000,0,0,1,0,0,0,0,0,0,"https://www.google.com/maps/place/Halol+-+Vadodara+Rd,+Gujarat/@22.4449922,73.3474919,17z/data=!3m1!4b1!4m5!3m4!1s0x39607f8aadecf0af:0x6d2bbb4109e4b7b1!8m2!3d22.4449922!4d73.3496806",05/02/20,Related to demand to be sent home,clash with police. Bus carrying migrants stopped mid way leading to agitation & stone pelting by migrants,,https://www.news18.com/news/india/buses-stopped-from-crossing-gujarat-border-up-bound-migrant-workers-pelt-stones-at-police-2603085.html,,Shreya - 9811626885
99,05/10/20 19:18,Madhya Pradesh,"Sendhwa,Barwani",21.6818986,75.0942651,1588185000,500,1,1,0,0,0,0,0,0,https://maps.app.goo.gl/CAQAUp6pX1RZBT3b6,4/30/2020,"Related to demand to be sent home, Related to Food",Staged protest on denying entry by police at MP border. Case filed against 400 workers,500,https://www.aninews.in/news/national/general-news/with-no-food-migrant-maharashtra-labourers-protest-in-mp20200430212718,https://www.aninews.in/news/national/general-news/with-no-food-migrant-maharashtra-labourers-protest-in-mp20200430212718,Vyshnavy 
100,05/10/20 19:21,West Bengal,Kalimpong,27.0593562,88.4694535,1607020200,60,0,0,0,0,0,0,0,1,https://goo.gl/maps/GybzEFDDmcxugth46,04/12/20,Against govt policies,group of workers gather in Tea Garden office. ,60,https://m.facebook.com/story.php?story_fbid=1045491695824743&id=100010917665374?sfnsn=wiwspwa&extid=r4ZeU5iJ1Z0Mqu9Y&d=w&vh=i,https://m.facebook.com/story.php?story_fbid=1045491695824743&id=100010917665374?sfnsn=wiwspwa&extid=r4ZeU5iJ1Z0Mqu9Y&d=w&vh=i,chewang 9593861106
101,05/10/20 19:26,West Bengal,Darjeeling,27.0410218,88.2662745,1601749800,12,1,0,1,0,0,0,0,1,https://goo.gl/maps/23f56xsb72Jzo7K69,04/10/20,"Related to wages, Related to Food, Against govt policies",number of youth stand with poster. ,12,https://www.facebook.com/photo.php?fbid=1044002849306961&set=pcb.1044003182640261&type=3&theater,https://www.facebook.com/photo.php?fbid=1044002849306961&set=pcb.1044003182640261&type=3&theater,chewang 9593861106
102,05/10/20 19:28,West Bengal,Darjeeling,27.0410218,88.2662745,1601749800,12,1,0,1,0,0,0,0,1,https://goo.gl/maps/23f56xsb72Jzo7K69,04/10/20,"Related to wages, Related to Food, Against govt policies",number of youth stand with poster. ,12,https://www.facebook.com/photo.php?fbid=1044002849306961&set=pcb.1044003182640261&type=3&theater,https://www.facebook.com/photo.php?fbid=1044002849306961&set=pcb.1044003182640261&type=3&theater,chewang 9593861106
103,05/10/20 19:34,west bengal,mirik,26.8852968,88.1827931,1586716200,100,1,0,1,0,0,0,0,1,https://goo.gl/maps/GXWQDNbARcYWm21F6,4/13/2020,"Related to wages, Related to Food, Against govt policies",female workers opposing management and gov policy during covid 19.,100,https://m.facebook.com/story.php?story_fbid=158689578783077&id=210672785637263?sfnsn=wiwspwa&extid=kz8GulfsPCgvZnef&d=w&vh=e,https://m.facebook.com/story.php?story_fbid=158689578783077&id=210672785637263?sfnsn=wiwspwa&extid=kz8GulfsPCgvZnef&d=w&vh=e,chewang 9593861106
104,05/10/20 19:39,west bengal,Rungmook Tea Garden,26.9520442,88.2454665,1586802600,12,1,0,1,0,0,0,0,1,https://goo.gl/maps/MBzctW9AjSxQK5bq8,4/14/2020,"Related to wages, Related to Food, Against govt policies",workers gather on road side and opposed the management policy.,12,https://m.facebook.com/story.php?story_fbid=1046132722427307&id=100010917665374?sfnsn=wiwspwa&extid=pOAuYGs8IJtY2qtE&d=w&vh=i,https://m.facebook.com/story.php?story_fbid=1046132722427307&id=100010917665374?sfnsn=wiwspwa&extid=pOAuYGs8IJtY2qtE&d=w&vh=i,chewang 9593861106
105,05/10/20 19:45,west bengal,seders tea garden,22.9867569,87.8549755,1586975400,50,0,0,1,0,0,0,0,1,https://goo.gl/maps/G2T8ZDM8GDWKJ7Sj8,4/16/2020,"Related to wages, Against govt policies",number of female workers protest against company and gov. policy  ,50,https://www.facebook.com/watch/?v=2560911530834384,https://www.facebook.com/watch/?v=2560911530834384,chewang 9593861106
106,05/10/20 19:48,Gujarat,"Lal Darwaza, Ahmedabad",23.0263517,72.5819013,1586025000,150,0,1,0,0,0,1,0,0,"https://www.google.com/maps/place/Old+City,+Lal+Darwaja,+Ahmedabad,+Gujarat+380001/@23.0256053,72.5751314,16z/data=!3m1!4b1!4m5!3m4!1s0x395e8451b8a06299:0x6bdcee25409a7ce2!8m2!3d23.0263517!4d72.5819013",05/04/20,"Related to demand to be sent home, inaccesibilty of governmental forms and migrant transportation facilities",protest outside Revenue office ,150,https://indianexpress.com/article/india/coronavirus-lockdown-3-0-begins-migrants-protest-in-gujarat-and-kerala-take-us-home-6394058/,,Shreya - 9811626885
107,05/10/20 19:55,Gujarat,"Palanpur, Surat",21.206902,72.7669633,1586025000,500,0,1,0,0,0,0,0,0,"https://www.google.com/maps/place/Palanpur,+Surat,+Gujarat/@21.2120227,72.7609476,15z/data=!3m1!4b1!4m5!3m4!1s0x3be04c44bf8f8ed5:0x138744166cb5b5f7!8m2!3d21.206902!4d72.7669633",05/04/20,Related to demand to be sent home,"agitation on street. 20 detained, FIR filed on 100 people",500,https://indianexpress.com/article/india/coronavirus-lockdown-3-0-begins-migrants-protest-in-gujarat-and-kerala-take-us-home-6394058/,,Shreya- 9811626885
108,05/10/20 20:03,Andhra Pradesh ,"LG Polymers, Vishakapatanam ",17.759728,83.2159277,1580841000,200,0,0,0,0,0,1,0,0,https://maps.app.goo.gl/izcxE1z7A89nd1MV9,05/02/20,Demanding factories be shut down and arrest of its top management.,Villagers staged a sit-in at the plant’s gate with three bodies of victims ,200,https://www.deccanchronicle.com/nation/current-affairs/100520/protesters-demand-closure-of-lg-polymers-plant-in-andhra-pradesh-after.html,https://www.deccanchronicle.com/nation/current-affairs/100520/protesters-demand-closure-of-lg-polymers-plant-in-andhra-pradesh-after.html,"Vyshnavy, 9319130169"
109,05/10/20 20:49,Madhya Pradesh,Barwani,22.0363157,74.903339,1593887400,1000,1,1,0,0,0,0,0,1,https://maps.app.goo.gl/CDLZfZz1tzSNTBJPA,05/07/20,"Related to demand to be sent home, Related to Food, Against govt policies",A protest gathering involving thousands of Adivasis in support of all the farmers and labourers stuck in different places,1000,,,"Simran, 7838000050"
110,05/10/20 21:59,Karnataka ,Bomanahalli ,12.9029804,77.6241936,1586025000,300,0,1,1,0,0,0,0,0,https://maps.app.goo.gl/oYTqAwrKZbKtgRor9,05/04/20,"Related to wages, Related to demand to be sent home","Migrant workers staged a protest, demanding pending wages to go back to their villages. The contractors called the police, claiming the protest had turned violent. More than 50 police personnel were deployed to defuse the situation.",300,"labourers staged a protest, demanding pending wages to go back to their villages. The contractors called the police, claiming the protest had turned violent. More than 50 police personnel were deployed to defuse the situation.","labourers staged a protest, demanding pending wages to go back to their villages. The contractors called the police, claiming the protest had turned violent. More than 50 police personnel were deployed to defuse the situation.","Vyshnavy, 9319130169"
111,05/10/20 22:05,Bengaluru ,"Bomanahalli metro, bomanhalli",12.9107316,77.6263279,1583346600,1000,1,1,1,0,1,0,0,0,https://maps.app.goo.gl/KMZPgR63Ko8DFfhd7,05/03/20,"Related to wages, Related to demand to be sent home, Related to Food, Related to facilities at relief/quarantine shelters","Stone pelting, vehicles damaging. Police resorted to lati charge",1000,https://www.newindianexpress.com/cities/bengaluru/2020/may/04/metro-workers-demand-to-be-sent-home-caned-in-bengalurus-bommanahhalli-2138859.html,https://www.newindianexpress.com/cities/bengaluru/2020/may/04/metro-workers-demand-to-be-sent-home-caned-in-bengalurus-bommanahhalli-2138859.html,"Vyshnavy, 9319130169"
112,05/10/20 22:56,Andhra Pradesh ,"Satish Dhawan Space Centre, Nellore dist",13.7258653,80.2265545,1596565800,2000,1,1,1,0,0,0,0,0,https://maps.app.goo.gl/TukL3SXoTzN74XHV7,05/08/20,"Related to wages, Related to demand to be sent home, Related to Food",Staged protest demanding travelling facilities. Police officials monitored the situation. No news of voilence. ,2000,"Workers from Jharkhand protest at Nellore&#8217;s SHAR, demand to go home - https://newsmeter.in/workers-from-jharkhand-protest-at-nellores-shar-demand-to-go-home/","Workers from Jharkhand protest at Nellore&#8217;s SHAR, demand to go home - https://newsmeter.in/workers-from-jharkhand-protest-at-nellores-shar-demand-to-go-home/","Vyshnavy, 9319130169"
113,05/10/20 23:50,Punjab,Pathankot,32.2733352,75.6522066,1587061800,1200,0,1,0,0,0,0,0,0,https://maps.app.goo.gl/Q1ta8ak1yJxQEBMd9,4/17/2020,Related to demand to be sent home,Hunger Strike,1200,https://www.google.com/amp/s/m.economictimes.com/news/politics-and-nation/over-1000-jammu-kashmir-workers-go-on-hunger-strike-in-punjab-demand-they-be-sent-home/amp_articleshow/75206833.cms,,Amartya
114,05/10/20 23:57,Punjab,Patiala,30.3397809,76.3868797,1578162600,0,0,0,0,0,0,0,0,1,https://maps.app.goo.gl/9Juf4Hggg8z6oyrr8,05/01/20,Against govt policies,Demonstration by clanking tools,,https://m.tribuneindia.com/news/patiala/workers-protest-govts-apathy-on-labour-day-79319,,Amartya
115,05/11/20 00:32,Delhi,"JNU, South West Delhi",28.5402232,77.1662154,1587321000,0,0,0,1,0,0,0,0,0,https://goo.gl/maps/VgcvM1DiJ6mkX66x6,4/20/2020,Related to wages,"Sanitation workers in JNU hadn't been given wages for 3 months, were not given proper protective gear, demanded pending wages and protective gear for work during lockdown period",,https://www.news18.com/news/buzz/our-life-has-no-value-jnu-sanitation-workers-clean-hostels-with-no-pay-or-protection-2585681.html,,Shambhavi
116,05/11/20 10:25,Maharashtra,"Junoni,  Sangola, Solapur district",17.2470595,75.0085399,1586975400,0,0,0,1,0,0,0,0,0,"https://www.google.com/maps/place/Junoni,+Maharashtra/@17.2451019,74.9692255,13z/data=!3m1!4b1!4m5!3m4!1s0x3bc6b2fcea60641d:0x8972d9b13d68604d!8m2!3d17.2470595!4d75.0085399",4/16/2020,Related to wages,"Workers agitated at Dilip Builcon office, Junoni, when 1000 workers working at road construction project of the company on National Highway 166 denied full wages by Company. Workers pelted stone. Police arrested 5 workers",,https://www.newsclick.in/lockdown-angry-delayed-wages-workers-attack-construction-firm-office-solapur,,Shreya - 9811626885
117,05/11/20 11:07,JHARKHAND,Sindri Dhanbad,23.7483096,86.7058637,1599244200,200,0,0,1,0,0,0,0,0,"https://www.google.com/maps/place/Sindri,+Jharkhand+828204/@23.750035,86.705755,16z/data=!3m1!4b1!4m5!3m4!1s0x39f6c30aacef507f:0xba704f17d8a0d788!8m2!3d23.7483096!4d86.7058637?hl=en",05/09/20,Related to wages,"In Chasnala upper seam mine of a SAIL subsidiary, contract workers organised a dharna to demand for wages  ",200,https://timesofindia.indiatimes.com/city/ranchi/workers-protest-for-wages-in-coal-town/articleshow/75651287.cms,,Uttam : 9572293823
118,05/11/20 11:12,JHARKHAND,Dumka Jharkhand ,24.2684794,87.2488088,1587407400,0,1,0,0,0,0,0,0,0,"https://www.google.com/maps/place/Dumka,+Jharkhand/@24.2755698,87.1868099,12z/data=!3m1!4b1!4m5!3m4!1s0x39f0b7b4985d6179:0x9c3a3b726f103305!8m2!3d24.2684794!4d87.2488088?hl=en",4/21/2020,Related to Food,Women protested looted a truck full of grains. ,,https://junputh.com/open-space/bokaro-women-looting-fci-foodgrain-trucks-stark-evisence-of-starvation-in-jharkhand/,,Uttam : 9572293823
119,05/11/20 11:17,Jharkhand ,Palbagan Jharkhand,22.8283713,88.3562611,1588617000,0,0,0,0,0,0,1,0,0,,05/05/20,Railway Ticket,Dharna Against Ticket Charges,,https://www.livehindustan.com/jharkhand/jamtara/story-the-forum-staged-a-protest-against-workers-taking-train-fare-3196413.amp.html,"https://www.google.com/maps/search/Palbagan+Jharhand/@23.3944819,87.0433585,9z/data=!3m1!4b1",Uttam
120,05/11/20 11:21,JHARKHAND,Chinnaud Kareira,23.6101808,85.2799354,1578076200,24,0,0,0,1,0,0,0,0,,04/01/20,Dispute regarding ration mal-distribution,Gherao of Local Warehouse,24,https://m.patrika.com/amp-news/shivpuri-news/villagers-encircle-ware-house-after-not-getting-ration-5960807/,,Uttam : 9572293823
121,05/11/20 11:23,JHARKHAND,CHASNALA DHANBAD,23.6603636,86.4516219,1599244200,0,0,0,1,0,0,0,0,0,"https://www.google.com/maps/place/Chasnalla,+Jharkhand/@23.6610338,86.4400221,15z/data=!3m1!4b1!4m5!3m4!1s0x39f6971a90908967:0x79c670697cb6007e!8m2!3d23.6603636!4d86.4516219",05/09/20,Related to wages,mining workers protest for wages,,https://www.jagran.com/jharkhand/dhanbad-contract-workers-of-chasanala-colliery-agitated-inside-the-mine-for-salary-20255671.html,,Uttam : 9572293823
122,05/11/20 11:44,Punjab,Ludhiana,30.900965,75.8572758,1604514600,500,0,0,0,1,0,0,0,0, https://maps.app.goo.gl/6P3Tj3P19PYhWpkC7,05/11/20,Dispute regarding ration mal-distribution,Demonstration,500,https://www.google.co.in/amp/s/m.hindustantimes.com/cities/migrant-worker-from-up-hangs-self-kin-say-failing-to-arrange-ration-forced-him-to-end-life/story-2Xel3RAtfy1OEyEyiVpD8M_amp.html,,Amartya
123,05/11/20 12:10,Bihar,"Nawada, Bihar",24.8866859,85.5434572,1599244200,70,1,0,0,0,1,0,0,0,https://maps.app.goo.gl/msPfXF8u5TrB8ATx5,05/09/20,"Related to Food, Related to facilities at relief/quarantine shelters",Just escape,70,https://www.thehindu.com/news/national/other-states/over-70-migrants-jump-quarantine-centre-in-bihar/article31542336.ece,,Adarsh
124,05/11/20 12:12,Bihar,"Katihaar,Bihar",25.5540648,87.5591073,1588617000,20,1,0,0,0,1,0,0,0,https://maps.app.goo.gl/yyX164sRQEcPh7fN8,05/05/20,"Related to Food, Related to facilities at relief/quarantine shelters",Complain and escape,20,20 migrants escape from Bihar quarantine centre complaining of lack of amenities and food - The Hindu - https://www.thehindu.com/news/national/other-states/20-migrants-skip-quarantine-in-bihar-complaining-of-lack-of-amenities-and-food/article31507688.ece,,Adarsh
125,05/11/20 12:19,Bihar,"Suryapura, Rohtas",25.2588808,84.2222372,1601836200,0,1,0,0,0,0,0,0,0,https://maps.app.goo.gl/F3c6acpNuxuoJic48,05/10/20,Related to Food,Complain,,Epaper-क्वारंटाइन में रह रहे मजदूरों ने साफ सफाई पर उठाए सवाल   https://mepaper.livehindustan.com/imageview_80400_102181858_4_95_10-05-2020_5_i_1_sf.html,,Adarsh
126,05/11/20 12:23,Bihar,"Araria, Bihar",26.1324689,87.4528067,1601836200,50,0,0,0,0,1,0,0,0,https://maps.app.goo.gl/kjdB6YhirCzp7cmv7,05/10/20,Related to facilities at relief/quarantine shelters,Protest and road blockade,50,Outrage Workers 39 uproar in Quarantine Center - आक्रोश: क्वारंटाइन सेंटर में मजदूरों का हंगामा - https://www.livehindustan.com/bihar/araria/story-outrage-workers-39-uproar-in-quarantine-center-3204888.html,,Adarsh
127,05/11/20 12:26,Bihar,"Madhubani, Bihar",26.3482938,86.0711661,1599244200,0,1,0,0,0,1,0,0,0,https://maps.app.goo.gl/nZdMeuybPwvdfnFq5,05/09/20,"Related to Food, Related to facilities at relief/quarantine shelters",Road blockade,,बाबूबरही में क्वारंटाइन सेंटर में सुविधाओं को लेकर सड़क पर उतरे प्रवासी  - Live Hindustan https://m.livehindustan.com/bihar/madhubani/story-migrants-hit-the-road-in-babubarhi-3203434.html,,Adarsh
128,05/11/20 13:03,Bihar,"Jhajjanpur, Madhubani",26.3482938,86.0711661,1599244200,0,0,0,0,0,0,1,0,0,https://maps.app.goo.gl/kMkeD972A87vQvur6,05/09/20,Against roaming outside quarantine centres,Kind of block,,झंझारपुर में क्वारंटाइन सेंटर के लोगों के बाहर घूमने के विरोध में किया सड़क जाम - Live Hindustan https://m.livehindustan.com/bihar/madhubani/story-road-jams-in-jhanjharpur-to-protest-against-people-moving-out-of-the-quarantine-center-3203458.html,,Adarsh
129,05/11/20 13:10,Bihar,Madhubani ,26.3482938,86.0711661,1591295400,0,1,0,0,0,1,0,0,0,https://maps.app.goo.gl/nZdMeuybPwvdfnFq5,05/06/20,"Related to Food, Related to facilities at relief/quarantine shelters",Placed demand,,भोजन नहीं मिलने पर प्रवासी मजदूरों ने किया हंगामा - Live Hindustan https://m.livehindustan.com/bihar/madhubani/story-migrant-laborers-created-ruckus-when-food-was-not-available-3198085.html,,Adarsh
130,05/11/20 13:15,Bihar,"Pathalgada,Madhubani ",26.3482938,86.0711661,1587839400,0,1,0,0,0,1,0,0,0,https://maps.app.goo.gl/7tjF796GNiBK1REc7,4/26/2020,"Related to Food, Related to facilities at relief/quarantine shelters",,,"विरोध : अनाज वितरण में गड़बड़ी, प्रदर्शन - Live Hindustan https://m.livehindustan.com/bihar/madhubani/story-conflict-disturbances-in-grain-distribution-performance-3176513.html",,Adarsh
131,05/11/20 13:23,Bihar,Begusarai,25.4181638,86.1271542,1591295400,0,0,0,0,0,0,1,0,0,https://maps.app.goo.gl/Uu7ruYPGrgF1uw4x9,05/06/20,Discrimination in giving facilities b/w student and labourers,Displeasure,,क्वारंटाइन मामले में भेदभाव से मजदूरों में रोष - Live Hindustan https://m.livehindustan.com/bihar/begusarai/story-fury-among-workers-due-to-discrimination-in-quarantine-case-3197731.html,,Adarsh
132,05/11/20 13:28,Bihar,"Samastipur,Bihar",25.8560271,85.7868233,1591295400,0,0,0,0,0,0,1,0,0,https://maps.app.goo.gl/3PP4mcL3KSF8ahiw8,05/06/20,Frontline workers security concern,Collected protest,,सफाई बंद कर सड़क पर उतरे नगर परिषद सफाई कर्मी - Live Hindustan https://m.livehindustan.com/bihar/samastipur/story-city-council-cleaning-workers-stopped-cleaning-3199068.html,,Adarsh
133,05/11/20 13:35,Bihar,"Nawada,Bihar",24.8866859,85.5434572,1587493800,0,1,0,0,0,0,0,0,0,https://maps.app.goo.gl/msPfXF8u5TrB8ATx5,4/22/2020,Related to Food,Nh blockade,,"To know more on ""ग्रामीणों ने राशन की मांग को ले किया एनएच जाम"", click the link - https://www.jagran.com/bihar/nawada-peoples-protest-20212910.html?utm_source=referral",,Adarsh
134,05/11/20 13:39,Kerala,Koothattukulam area of Ernakulam District,9.86159,76.5956642,1593887400,0,0,1,0,0,0,0,0,0,https://maps.app.goo.gl/EfQdxCw6ZWJgPh6n6,05/07/20,Related to demand to be sent home,Demonstration,,https://aajtak.intoday.in/video/ernakulam-police-lathi-charge-to-disperse-migrant-workers-1-1188446.html,,"Simran, 7838000050"
135,05/11/20 13:39,Bihar,"Phulwarisharif, patna",25.573158,85.0693039,1588617000,12,0,0,0,1,0,0,0,0,,05/05/20,Dispute regarding ration mal-distribution,Women protested,12,https://www.newsclick.in/bihar-amid-lockdown-thousands-multiple-districts-protest-against-irregularity-PDS-supply,,Adarsh
136,05/11/20 13:47,Bihar,"Nanpur block, Sitamarhi",26.4372907,85.6553634,1591295400,0,0,0,0,1,0,0,0,0,https://maps.app.goo.gl/5q7F2rsymyBmJyG38,05/06/20,Dispute regarding ration mal-distribution,Road blocakde,,https://www.newsclick.in/bihar-amid-lockdown-thousands-multiple-districts-protest-against-irregularity-PDS-supply,,Adarsh
137,05/11/20 13:53,Bihar,"Jakkanpur, Patna",25.5952699,85.1284876,1591295400,0,0,0,0,1,0,0,0,0,https://maps.app.goo.gl/Ux4q4yoWth4hyqAm7,05/06/20,Dispute regarding ration mal-distribution,,,https://www.newsclick.in/bihar-amid-lockdown-thousands-multiple-districts-protest-against-irregularity-PDS-supply,,Adarsh
138,05/11/20 14:03,Bihar,"Danapur,Patna",25.6241415,85.0414249,1591295400,0,0,0,0,0,1,0,0,0,https://maps.app.goo.gl/nfr4Z8kfG47yAVn8A,05/06/20,Related to facilities at relief/quarantine shelters,,,"https://www.bhaskar.com/local/bihar/bhagalpur/jamui/news/expatriate-laborers-arrived-in-jamui-from-kerala-after-spending-910-rupees-on-train-127274781.html  Danapur, Patna Dist, Bihar, Quarantine facilities",,Adarsh
139,05/11/20 14:09,Bihar,"Supaul,Bihar",26.1233718,86.6045134,1587753000,100,1,0,0,0,0,0,0,0,,4/25/2020,Related to Food,Gherao,100,"https://www.livehindustan.com/bihar/supaul/story-anger-erupted-against-dealer-3175551.html  Supaul Dist, Bihar, locals, hundreds, mukhiya house Gherao, road jam",,Adarsh
140,05/11/20 14:57,Rajasthan,"Ambuja Factory in Mundwa, Nagaur, Rajasthan",27.0632727,73.8228498,1588098600,1500,1,1,0,1,0,0,0,0,https://goo.gl/maps/UPatii4zrNXruBqN7,4/29/2020,"Related to demand to be sent home, Related to Food, Dispute regarding ration mal-distribution","Large gathering demanding to be sent home, stone pelting and mediation for talks with the management done by the police.",1500,"https://www.bhaskar.com/local/rajasthan/nagaur/news/mp-beniwal-made-digital-communication-with-people-on-the-problems-of-jodhpur-division-127257521.html?art=next, http://www.fmhindi.com/news/details/rajashthan/stone-pelting-in-rajasthan-by-workers/23531",,Kamya 9871966997
141,05/11/20 15:05,Rajasthan,"Ambuja Cement factory, Mundwa, Nagaur",27.0632727,73.8228498,1588098600,2500,1,1,0,1,1,0,0,0,https://goo.gl/maps/UPatii4zrNXruBqN7,4/29/2020,"Related to demand to be sent home, Related to Food, Related to facilities at relief/quarantine shelters, Dispute regarding ration mal-distribution","Large gathering, demands raised, stone pelting. Police mediated between the workers and management for talks.",2500,"https://www.bhaskar.com/local/rajasthan/nagaur/news/the-patience-of-2500-workers-trapped-in-ambuja-factory-was-broken-on-the-insistence-of-going-home-first-the-security-guard-then-stoned-the-police-four-constables-injured-127260106.html, http://www.fmhindi.com/news/details/rajashthan/stone-pelting-in-rajasthan-by-workers/23531",,Kamya 9871966997
142,05/11/20 15:43,Rajasthan,"Industrial Area Mills, Niwai, Tonk",26.3604987,75.9390662,1599244200,0,0,1,0,0,0,0,0,0,https://goo.gl/maps/2Jw6oTeyYYBVEddB9,05/09/20,Related to demand to be sent home,Migrants from Jammu and Kashmir protested against the Jammu and Kashmir governments demanding that they make arrangements for their journey home. Local SDM assured that arrangements will be made once Jammu and Kashmir govts give permission for the same.,,https://www.bhaskar.com/local/rajasthan/jaipur/niwai/news/the-workers-shouted-slogans-against-the-jammu-and-kashmir-government-127285772.html,,Kamya 9871966997
143,05/11/20 15:52,Rajasthan,"Behror, Neemrana",27.8946773,76.2820297,1578162600,400,1,0,1,1,0,0,0,0,https://goo.gl/maps/J6Q6zVVpcbPkReLD7,05/01/20,"Related to wages, Related to Food, Dispute regarding ration mal-distribution",Around 400 contract workers of Globus Spirits Ltd. staged demonstration in front of the plant demanding 2 months of due wages.,400,https://navbharattimes.indiatimes.com/state/rajasthan/others/alwar-behror-factory-workers-protest-for-two-months-salary-on-international-labor-day/photoshow/75488884.cms,,Kamya 9871966997
144,05/11/20 16:41,Rajasthan,"Parkote, Kota",25.2138156,75.8647527,1593887400,350,1,0,0,0,0,0,0,1,https://goo.gl/maps/q8XNCRjjMnAT47WG9,05/07/20,"Related to Food, Against govt policies","Dharna protest, sit in encircling the local Kathunipal police station and tomb. Hundreds of residents of Parkote, Kota gathered in the area against the ""Mahacurfew"" imposed in the area for the past one month. Removed police barricades and demanded end to blanket curfew even in areas with no patients as they are running out of money due to no work.",350,https://www.bhaskar.com/local/rajasthan/kota/news/people-trapped-in-curfew-encircle-tomb-and-kathunipal-police-station-127280500.html,https://www.youtube.com/watch?v=qggau4EqiuM (the first 2 minutes),Kamya 9871966997
145,05/11/20 16:47,Rajasthan,Banswara,23.5461394,74.4349761,1593887400,40,0,1,0,0,0,0,0,0,https://goo.gl/maps/UTpv1wCqRrGxdVAr9,05/07/20,Related to demand to be sent home,"Migrant youth from UP and Bihar protested, demanding that they be given permission to go back home. They had registered and were willing to make paid, private arrangements for the same, but had not been given permission which led to the protest. Authorities assured them that their demands will be met.",40,,https://www.youtube.com/watch?v=qggau4EqiuM (At 18:30 minutes),Kamya 9871966997
146,05/11/20 17:05,Rajasthan,Agricultural Mandis across Rajasthan,27.0238036,74.2179326,1591295400,0,0,0,0,0,0,1,0,1,https://goo.gl/maps/sqQwiF4411QXSyst8,05/06/20,"Against govt policies, Against Krishak Kalyan Fee (Farmer Relief Cess)","Agricultural Products traders on strike since 6th May to oppose Rajasthan govt's imposition of Krishak Kalyan Fee of 2%, across 247 mandis in Rajasthan. No buying of farmers produce happening currently in these mandis. Extended the strike from 10th May to 15th May as govt didn't remove the fee.",,https://navbharattimes.indiatimes.com/state/rajasthan/jaipur/strike-extended-to-15-in-agricultural-mandis-of-rajasthan/articleshow/75670593.cms,https://www.youtube.com/watch?v=qggau4EqiuM (From 22:45 minutes),Kamya Singh 9871966997
147,05/11/20 17:40,Rajasthan,"Nahari Ka Naka, Jaipur",26.9371927,75.806265,1604514600,1000,1,1,0,0,0,0,0,1,https://goo.gl/maps/F2xnTjcih1o21xTz9,05/11/20,"Related to demand to be sent home, Related to Food, Against govt policies","Protest demonstration by migrant residents of the area (mostly from UP, Bihar, Bengal). Police and authorities are present at the spot and process of dialogue is beginning. Protesting workers are demanding that they be allowed to go back home as due to no work (owing 50 days of lockdown in the area) they are finding it difficult to get adequate ration and are running out of money.  आज जयपुर के नाहरी का नाका इलाके में रहने वाले हजारों  प्रवासी मजदूरों द्वारा अपने घर जाने की मांग को लेकर,, विरोध प्रदर्शन किया जा रहा है ,,पुलिस और प्रशासन के लोग मौके पर मौजूद है । पिछले  50 दिन से लॉक डाउन में फंसे होने के कारणना तो इनको काम मिल रहा है,, और नाही  खाने पीने को मिल रहा है। इस कारण परेशान मजदूरों ने आज बाहर आकर सड़क पर विरोध प्रदर्शन कर रहे है और सरकार से मांग कर रहे है कि उन्हें उनके घर यूपी बिहार बंगाल जहां के रहने वाले हैं वहां पर उन्हें जाने दिया जाए।प्रशासन से वार्ता चल रही है ।",1000,,"https://twitter.com/TKS_com/status/1259817706058121219/photo/1, https://www.youtube.com/watch?v=v9SNVFVsAyw (Big News Of Rajasthan, 05.00 pm, 11 May 2020, Headline no. 20 in the top sixty of Zee Rajasthan)",Kamya 9871966997
